{
  "colors": {
    "icon": "#424242",
    "text": "#616161",
    "background": "#ffffff",
    "primary": "#007acc",
    "info": "#1a85ff",
    "divider": "rgba(51, 51, 51, 0.2)",
    "textLink": "#006ab1",
    "danger": "#be1100",
    "barBackground": "#f3f3f3",
    "border": "transparent",
    "inputBorder": "rgba(51, 51, 51, 0.2)",
    "selectBorder": "rgba(51, 51, 51, 0.2)",
    "inputPlaceholder": "#767676",
    "selectItemSelectedText": "#fff",
    "selectItemSelectedBackground": "#0060c0",
    "layoutHeaderBackground": "rgb(221, 221, 221)",
    "layoutSidebarBackground": "rgb(44, 44, 44)",
    "layoutSidebarText": "rgba(255, 255, 255, 0.4)",
    "menuItemActiveText": "#ffffff",
    "layoutFooterBackground": "rgb(0, 122, 204)",
    "layoutFooterText": "rgb(255, 255, 255)",
    "treeBackground": "rgb(243, 243, 243)",
    "buttonBorder": "transparent",
    "buttonDefaultBorder": "rgba(51, 51, 51, 0.2)",
    "buttonDefaultHoverBackground": "#0062a3",
    "buttonDefaultHoverText": "#ffffff",
    "tabsCardText": "rgba(51, 51, 51, 0.7)",
    "tabsCardItemActiveText": "#333333",
    "tabsCardItemBackground": "#ececec",
    "tabsCardItemActiveBackground": "#ffffff",
    "tabsCardItemActive": "transparent",
    "activeBorder": "#0090f1",
    "radioBorder": "#0090f1",
    "radioCheckedBackground": "#0090f1",
    "checkboxInner": "#616161",
    "checkboxBorder": "#cecece",
    "checkboxCheckedBackground": "#ffffff",
    "checkboxCheckedBorder": "#cecece",
    "collapseBorder": "rgba(51, 51, 51, 0.2)",
    "collapseHeaderBackground": "rgba(97, 97, 97, 0.04)",
    "tableBorder": "rgba(51, 51, 51, 0.2)",
    "tableHeaderBackground": "rgba(97, 97, 97, 0.04)",
    "tableHeaderText": "rgb(97, 97, 97)",
    "scrollbarThumbBackground": "rgba(100, 100, 100, 0.4)",
    "dropdownBackground": "#ffffff",
    "dropdownItemHoverBackground": "#0060c0",
    "dropdownItemHoverText": "#ffffff"
  }
}
