{
  "$schema": "http://json-schema.org/draft-07/schema#",
  "properties": {
    "hostUri": {
      "type": "string"
    },
    "id": {
      "type": "number"
    },
    "name": {
      "type": "string"
    },
    "parameters": {
      "type": "string",
      "default": "[]"
    },
    "projectUuid": {
      "type": "string"
    },
    "uuid": {
      "type": "string"
    },
    "workSpaceUuid": {
      "type": "string"
    }
  },
  "required": ["name"],
  "additionalProperties": false,
  "type": "object"
}
