{
  "text": "",
  "textSecondary": "",

  "border": "",
  "hoverBorder": "",
  "activeBorder": "",

  "shadow": "",
  "background": "",
  "barBackground": "",
  "divider": "",

  "primary": "",
  "primaryHover": "",
  "success": "",
  "successHover": "",
  "successShadow": "",
  "warning": "",
  "warningHover": "",
  "warningShadow": "",
  "danger": "",
  "dangerHover": "",
  "dangerShadow": "",
  "info": "",
  "infoHover": "",
  "infoShadow": "",

  "itemActiveBackground": "",
  "itemHoverBackground": "",

  "textLink": "",
  "textLinkHover": "",
  "textLinkActive": "",

  "disabledText": "",
  "disabledBackground": "",
  "disabledBorder": "",

  "scrollbarTrackBackground": "",
  "scrollbarThumbBackground": "",

  "layoutHeaderText": "",
  "layoutHeaderBackground": "",
  "layoutSidebarText": "",
  "layoutSidebarBackground": "",

  "layoutFooterText": "",
  "layoutFooterBackground": "",
  "layoutFooterItemHoverBackground": "",

  "icon": "",
  "iconText": "",

  "buttonBorder": "",
  "buttonShadow": "",
  "buttonTextText": "",
  "buttonTextHoverText": "",
  "buttonTextHoverBackground": "",
  "buttonPrimaryText": "",
  "buttonPrimaryBorder": "",
  "buttonPrimaryBackground": "",
  "buttonPrimaryHoverBorder": "",
  "buttonPrimaryHoverBackground": "",
  "buttonPrimaryActiveBorder": "",
  "buttonPrimaryActiveBackground": "",
  "buttonPrimaryShadow": "",
  "buttonDefaultText": "",
  "buttonDefaultBorder": "",
  "buttonDefaultBackground": "",
  "buttonDefaultHoverText": "",
  "buttonDefaultHoverBorder": "",
  "buttonDefaultHoverBackground": "",
  "buttonDefaultActiveBorder": "",
  "buttonDefaultActiveBackground": "",
  "buttonDefaultShadow": "",
  "buttonDangerText": "",
  "buttonDangerBorder": "",
  "buttonDangerBackground": "",
  "buttonDangerHoverText": "",
  "buttonDangerHoverBorder": "",
  "buttonDangerHoverBackground": "",
  "buttonDangerActiveBorder": "",
  "buttonDangerActiveBackground": "",
  "buttonDangerShadow": "",

  "tabsBadge": "",
  "tabsActiveBadge": "",
  "tabsBackground": "",
  "tabsText": "",
  "tabsActive": "",
  "tabsActiveText": "",

  "tabsCardText": "",
  "tabsCardBackground": "",
  "tabsCardItemBackground": "",
  "tabsCardItemActive": "",
  "tabsCardItemActiveText": "",
  "tabsCardItemActiveBackground": "",

  "tableText": "",
  "tableBorder": "",
  "tableBackground": "",
  "tableHeaderText": "",
  "tableHeaderBackground": "",
  "tableRowHoverBackground": "",
  "tableFooterBackground": "",
  "tableFooterText": "",

  "treeHeaderBackground": "",
  "treeText": "",
  "treeBackground": "",
  "treeSelectedText": "",
  "treeSelectedBackground": "",
  "treeHoverText": "",
  "treeHoverBackground": "",

  "dropdownMenuBackground": "",
  "dropdownItemText": "",
  "dropdownItemHoverText": "",
  "dropdownItemHoverBackground": "",

  "menuBackground": "",
  "menuItemText": "",
  "menuItemGroupTitleText": "",
  "menuItemActiveBackground": "",
  "menuItemActive": "",
  "menuItemActiveText": "",
  "menuInlineSubmenuBackground": "",

  "selectText": "",
  "selectBorder": "",
  "selectHoverBorder": "",
  "selectActiveBorder": "",
  "selectBackground": "",
  "selectDropdownText": "",
  "selectDropdownBackground": "",
  "selectItemSelectedText": "",
  "selectItemSelectedBackground": "",

  "inputText": "",
  "inputBackground": "",
  "inputIcon": "",
  "inputBorder": "",
  "inputHoverBorder": "",
  "inputActiveBorder": "",
  "inputPlaceholder": "",

  "modalHeaderBackground": "",
  "modalHeaderText": "",
  "modalBodyBackground": "",
  "modalBodyText": "",
  "modalFooterBackground": "",
  "modalFooterText": "",
  "modalMaskBackground": "",

  "paginationItemBackground": "",
  "paginationItemActiveBackground": "",
  "paginationButtonBackground": "",

  "toastSuccessText": "",
  "toastSuccessIcon": "",
  "toastSuccessBackground": "",
  "toastWarningIcon": "",
  "toastWarningText": "",
  "toastWarningBackground": "",
  "toastInfoText": "",
  "toastInfoIcon": "",
  "toastInfoBackground": "",
  "toastErrorText": "",
  "toastErrorIcon": "",
  "toastErrorBackground": "",

  "alertDefaultText": "",
  "alertDefaultIcon": "",
  "alertDefaultBackground": "",
  "alertSuccessText": "",
  "alertSuccessIcon": "",
  "alertSuccessBackground": "",
  "alertInfoText": "",
  "alertInfoIcon": "",
  "alertInfoBackground": "",
  "alertErrorText": "",
  "alertErrorIcon": "",
  "alertErrorBackground": "",
  "alertWarningText": "",
  "alertWarningIcon": "",
  "alertWarningBackground": "",

  "checkboxText": "",
  "checkboxBorder": "",
  "checkboxBackground": "",
  "checkboxCheckedBackground": "",
  "checkboxInner": "",
  "checkboxCheckedBorder": "",
  "checkboxCheckedText": "",

  "radioText": "",
  "radioBorder": "",
  "radioBackground": "",
  "radioCheckedText": "",
  "radioCheckedBorder": "",
  "radioCheckedBackground": "",

  "switchActive": "",
  "switchBakcground": "",
  "switchText": "",

  "switchCardBorder": "",
  "switchCardBackground": "",
  "switchCardText": "",

  "collapseHeaderBackground": "",
  "collapseBorder": "",
  "collapseContentBackground": "",

  "popoverBackground": "",
  "popoverText": "",

  "progressDefault": "",
  "progressSuccess": "",
  "progressException": "",

  "spin": ""
}
